Gender,Height,Weight,DesiredWeight,GPA,TxtPerDay,MinPerDayFaceBook,NumTattoos,NumBodyPiercings,Handedness,WeeklyHrsVideoGame,DistanceMovedToSchool,PercentDateable,NumPhoneContacts,PercMoreAttractiveThan,PercMoreIntelligentThan,PercMoreAthleticThan,PercFunnierThan,SigificantOther,OwnAttractiveness
Female,72,160,155,3.7,100,60,0,6,Left,0,7.5,20,250,85,90,70,70,No,85
Female,62,110,105,3.74,100,60,1,2,Right,0,107,40,135,30,50,10,5,Yes,40
Female,63,200,125,3.3,10,60,1,3,Right,0,107,2,75,0.5,99,1,50,No,5
Male,72,125,160,3.5,100,60,1,0,Left,0,199,40,400,30,75,35,35,No,60
Female,60,140,125,3.33,250,5,1,5,Right,0,13.2,2,287,45,60,50,30,Yes,70
Male,70,160,160,4,60,60,0,0,Right,1,102,75,287,50,75,40,40,Yes,65
Male,73,190,185,3.03,15,0.2,0,0,Right,0.1,381.1,50,165,0,80,80,50,No,1
Male,70,165,185,3.75,80,30,0,0,Right,1,334,20,403,60,85,80,85,No,80
Male,72,200,190,3.77,100,60,0,0,Right,15,89.5,15,107,100,100,100,100,No,100
Female,64,135,128,2.9,50,1,0,2,Right,1,7.62,6,30,50,45,50,55,Yes,70
Male,76,240,220,2.8,50,60,0,0,Left,0,1,80,150,50,50,50,75,Yes,85
Female,68,150,140,3.45,50,60,0,2,Right,0,191,50,380,50,50,70,50,No,70
Female,63,120,115,3.5,20,5,0,2,Left,0,381,75,75,15,25,7,5,Yes,40
Female,60,115,110,3.56,50,30,0,2,Right,1,351,15,298,50,70,20,40,Yes,70
Male,75,170,170,3.65,10,20,0,0,Right,10,30.6,5,158,90,95,65,50,Yes,80
Female,60,140,115,3.28,30,120,0,2,Left,0,98.5,20,218,10,60,0,10,No,50
Female,63,120,115,3.96,4,30,0,3,Right,0,1.75,5,30,40,75,60,50,No,60
Female,67,136,128,3.53,150,90,0,2,Right,2,193,15,300,40,80,40,20,No,68
Female,68,160,145,3.55,115,180,0,7,Right,0,22.5,1,329,45,88,20,79,No,75
Female,64,125,120,3.43,70,90,0,2,Right,0,182,20,309,40,50,75,60,No,65
Female,69,150,140,3.05,30,240,0,2,Right,0,231.5,35,166,69,50,69,50,Yes,70
Female,68,145,135,2.4,120,120,0,2,Right,0,368,50,280,40,30,75,45,No,77
Female,69,135,135,3.2,30,20,3,10,Right,1,4.3,50,102,50,60,25,25,Yes,75
Female,64,135,132,3.97,63,1,0,2,Right,0,181,5,299,50,50,75,25,Yes,93
Male,67,145,150,3.47,10,0,0,0,Right,1,120,5,375,80,85,70,70,Yes,75
Male,72,182,180,3.06,10,3,0,0,Right,6,38.2,0,100,85,95,95,60,Yes,85
Female,70,150,130,0,60,30,0,2,Right,0,335,50,60,20,50,25,80,Yes,20
Female,66,138,128,4,50,150,0,4,Right,0,380,50,321,60,75,75,50,No,70
Male,74,230,210,3.96,100,45,0,0,Right,3,32,50,150,20,70,30,10,No,45
Male,73,170,175,3.14,100,15,0,0,Ambidextrous,1,21,1,200,65,90,75,50,Yes,75
Male,72,185,185,3,30,30,0,0,Right,0,190,30,200,90,50,80,90,Yes,85
Female,62,170,140,3.91,20,120,0,4,Right,0,102,25,166,15,90,40,70,No,70
Female,66,139,130,3.86,55,90,0,0,Right,1,189,30,200,64,64,97,80,No,75
Male,73,243,225,3.53,50,90,0,0,Right,1,232,50,76,50,90,40,75,Yes,60
Female,68,115,110,3.5,50,180,0,5,Right,0,11.2,75,300,75,50,25,75,No,8
Female,66,125,120,3.83,60,60,0,2,Right,0,93.6,20,222,50,80,70,70,No,80
Female,65,130,125,3.9,150,120,0,4,Right,3,382.02,65,126,40,70,40,60,No,63
Female,67,152,125,3.51,100,20,0,5,Right,0,180,15,273,5,20,40,50,No,45
Female,63,145,130,2.3,30,35,1,2,Right,0,205,1,144,87,70,2,30,Yes,80
Female,62,112,112,4,250,40,0,5,Right,0,386,5,90,75,96,50,50,Yes,70
Female,66,200,160,3.45,50,5,0,2,Right,1,4.4,1,100,10,10,5,5,Yes,70
Male,65,150,135,3.64,10,60,0,0,Right,0,375,10,176,95,98,90,95,Yes,80
Female,65,116,115,4,30,45,0,2,Ambidextrous,0,180,10,124,75,45,65,75,No,84
Male,75,185,180,3.3,30,30,0,0,Right,8,220,1,100,95,70,60,50,No,85
Female,67,128,125,4,20,120,0,2,Right,2,10.7,50,40,40,80,20,30,No,50
Male,69,140,150,3.15,10,60,0,0,Right,0,245,25,285,50,60,70,40,No,60
Female,67,150,140,2.8,1000,180,1,7,Right,0,181,15,320,70,25,60,50,No,85
Female,65,130,120,3.2,100,4,0,3,Right,0,197,40,283,65,45,23,15,Yes,70
Male,62,200,190,3.79,5,15,0,0,Right,4,175,25,65,50,70,75,25,Yes,85
Female,66,190,160,3.35,60,30,0,3,Right,0,340,0,170,15,25,10,30,No,60
Female,66,125,115,3.52,60,20,0,2,Right,0,10.05,20,100,20,40,20,30,Yes,70
Male,72,250,200,3.43,15,120,0,0,Right,6,15.74,80,89,50,70,46,70,No,69
Female,69,134,134,3.2,40,0,2,4,Right,8,5,0,148,86,86,46,86,Yes,94
Female,63,116,116,3.72,50,90,1,2,Right,0,206,50,85,70,90,20,50,No,85
Female,62,165,120,3.17,100,120,2,2,Right,1,34,5,64,90,60,60,60,Yes,75
Male,75.6,221,210,3.1,90,45,0,0,Right,2.5,0.2,50,292,60,60,80,70,Yes,85
Male,70,176,173,3,5,1,0,0,Right,0,0,85,400,80,80,35,85,No,85
Female,62,108,108,1.58,50,30,3,5,Right,0,114.24,25,91,75,50,30,50,Yes,80
Male,72,181,215,2.96,21,115,0,0,Right,1,267,30,267,90,65,85,55,No,94
Female,69,130,128,4,30,70,0,2,Right,0,36,10,36,50,90,40,30,Yes,70
Female,66,120,120,3.42,75,60,0,2,Right,0,14,6,200,50,50,30,15,Yes,80
Female,68,100,120,3,100,120,0,3,Right,0,0,70,120,100,50,95,20,Yes,100
Male,72,180,185,3.47,60,150,0,0,Right,3,0,20,100,90,80,90,70,Yes,88
Male,77,215,215,2.72,50,240,0,0,Right,10,374,25,149,40,60,60,20,No,50
Female,65,130,128,2.68,500,2,1,2,Right,0,487,20,87,10,50,70,10,No,80
Female,67,118,110,3.64,40,45,0,2,Right,0,207,5,430,50,80,65,60,Yes,50
Female,62,135,120,3.2,10,180,0,2,Left,0,103,10,300,60,60,30,70,No,75
Female,70.8,135,130,2.3,15,30,0,2,Right,0,428,0,49,75,75,50,50,Yes,90
Female,67.5,130,108,3.19,2,45,0,2,Right,0,12,15,30,70,70,50,25,No,75
Female,63,132,123,3.2,100,90,0,3,Right,0,178.24,30,258,72,65,40,30,Yes,76
Male,72,250,250,3.93,37,0,0,0,Right,5,0,10,40,50,90,1,68,Yes,50
Female,65,130,125,3.35,200,5,0,6,Right,2,14,60,455,40,40,30,50,No,60
Male,71,165,165,2,5,50,0,0,Right,0.5,3.8,30,20,50,60,30,70,Yes,75
Female,61,110,110,3.7,150,45,0,4,Right,0,120.5,30,97,60,65,75,70,No,80
Female,64,120,115,3.57,30,90,1,2,Right,2,7.65,50,250,50,50,20,40,No,70
Male,74,140,170,3.5,30,45,0,0,Right,10,11,30,70,30,20,40,30,No,70
Female,70,170,150,3.25,25,90,0,2,Right,0,378,20,45,40,60,15,20,No,65
Female,62.5,140,130,3.43,50,60,0,2,Right,0,14.7,65,249,33,65,40,30,No,50
Male,72,148,160,2.67,150,180,0,0,Right,10,179.19,50,167,75,50,80,25,Yes,75
Female,61,145,125,3.93,13,30,0,2,Right,0,172,5,290,20,90,85,20,No,70
Male,72,180,175,3.96,300,180,2,2,Right,5,620,30,536,60,50,60,40,No,80
Male,68,142,150,3.66,5,0,0,0,Right,0,201,25,82,50,15,15,50,No,1
Female,64,128,115,3.45,20,65,0,2,Right,1,28,20,93,85,75,50,65,No,90
Female,67,140,130,3,150,120,0,2,Right,0,142,5,145,30,25,20,0,No,80
Female,62,122,110,2.93,200,75,0,4,Ambidextrous,2,21,20,216,10,20,15,5,No,65
Female,64,126,115,3.14,30,60,0,4,Right,0.5,20.8,25,160,25,20,10,15,No,85
Male,70,185,175,1.77,7,15,0,0,Right,0,21.7,20,250,90,85,85,60,No,90
Male,67,135,145,3,10,5,0,0,Right,5,17.7,8,226,80,60,25,80,No,72
Male,68,142,150,3.66,5,0,0,0,Right,0,201,50,82,75,12,15,50,No,1
Male,73,185,180,2.47,20,15,2,0,Left,45,5,50,87,80,90,85,95,No,86
Female,60,155,140,2.98,100,90,0,2,Right,0,278,25,675,45,50,90,95,No,72
Male,66,130,140,3.75,100,60,0,0,Right,5,62,25,120,40,75,10,50,Yes,65
Female,61,115,115,3.03,25,2,0,2,Right,3,11.7,30,165,75,75,75,50,No,75
Female,68.5,150,135,3.3,250,120,0,2,Right,0,15.8,30,260,75,85,50,85,No,87
Female,64,135,120,3.1,50,45,0,2,Right,0,98.6,10,44,25,10,20,40,Yes,50
Female,65,160,130,3.31,150,30,0,3,Right,0,45.8,20,233,85,95,65,70,Yes,65
Male,70,161,175,3.34,25,30,0,0,Right,1,111,40,100,60,75,50,50,No,80
Female,62,132,125,2.1,15,4,1,4,Left,0,136.13,65,85,30,25,30,45,No,65
Male,75,181,200,2.74,100,10,0,0,Right,7,94.1,10,40,85,50,99,70,No,85
Female,66,119,119,3.2,50,10,0,2,Right,0,24,15,100,10,10,5,50,No,20
Male,69,125,145,3,20,60,0,0,Right,20,11.1,60,85,40,60,30,50,No,70
Male,69,200,180,2.99,20,90,0,0,Right,3,17.3,10,179,20,40,15,70,Yes,64
Female,66,130,120,3.6,20,60,0,2,Right,0,7,50,50,40,25,30,40,No,60
Female,67,140,125,3.54,3,60,0,2,Right,0,199,30,164,40,60,30,40,Yes,60
Male,71,165,180,2.46,0,0,0,0,Left,0,14.3,14,35,87,94,32,89,Yes,84
Male,73.2,170,180,2.3,35,60,0,0,Right,1,371,40,204,70,60,70,50,Yes,75
Female,69,165,140,3.23,10,120,0,2,Right,0,193,5,167,95,50,65,30,No,90
Female,61,120,115,3.4,17,90,0,2,Right,0.5,865,50,57,50,75,90,25,No,75
Female,65,195,150,3.45,500,120,0,4,Right,3,137,25,238,5,5,20,30,No,75
Male,71,148,160,2.6,15,5,0,0,Right,8,0,0,210,65,79.8,22,45,No,34
Female,69,123,120,4,150,120,0,2,Right,0,23.1,3,135,20,90,5,40,No,60
Male,68,155,150,3.85,25,30,0,0,Right,0,180,3,58,75,75,50,75,No,75
Male,72,200,200,3.1,10,30,0,0,Left,1,0,10,315,50,50,75,75,No,80
Male,69,240,200,3.14,100,15,1,0,Right,1.5,10,50,212,5,20,6,10,Yes,34
Female,64,150,135,3.57,20,2,0,2,Right,0,365,35,150,50,70,50,40,No,80
Female,65,115,110,4,100,30,0,2,Right,0,40,50,110,30,70,10,15,Yes,60
Female,62,160,130,2.59,10,120,0,5,Right,7,270,1,190,30,30,10,40,No,60
Female,63,117,110,2.89,108,60,0,5,Right,15,175,2,205,75,70,30,50,Yes,85
Female,52,132,115,3.6,75,35,0,5,Right,0,169,35,200,40,40,65,20,No,76
Male,69,150,150,3.3,50,120,0,0,Right,3,820,10,204,90,90,90,91,No,87
Male,70,170,170,2.89,50,120,0,0,Right,15,5.12,15,139,100,50,10,25,No,100
Female,66,118,110,2.83,15,120,0,2,Right,0,221,20,151,45,30,15,30,Yes,75
Male,75,175,195,3.51,25,20,0,0,Right,1,20.37,20,231,70,70,85,50,No,75
Female,63,125,115,4,10,60,2,6,Ambidextrous,0,12.3,10,72,80,95,80,50,Yes,90
Female,64,135,125,3.88,20,60,0,3,Right,0,113.74,25,150,50,80,50,60,No,65
Male,72,230,215,2.39,20,0,0,0,Right,3,176,40,100,70,85,60,75,No,85
Male,74,280,285,2.9,100,1,0,0,Right,1,286,50,500,50,50,90,60,No,70
Female,66,130,100,3.6,10,500,0,0,Right,5,7.4,10,70,40,30,20,40,Yes,70
Male,73,180,175,3.45,150,30,0,0,Right,0,0.5,33,179,85,95,50,97,No,85
Female,68,125,125,3.33,20,1,0,3,Right,0.5,744,60,130,70,45,40,50,Yes,89
Female,63,145,120,3.56,100,120,0,6,Right,2,660,3,165,5,60,15,25,No,40
Male,73,200,220,2.8,10,25,0,0,Right,5,4.9,10,70,60,50,70,70,No,80
Female,68,125,115,3.86,15,90,0,4,Left,0,380.63,25,141,25,70,25,35,Yes,50
Female,66,139,135,3.55,6,60,0,4,Right,0,78.2,4,89,30,30,70,50,Yes,78
Male,65,130,130,3.8,5,15,0,0,Right,1,5.7,80,82,10,10,10,10,No,60
Male,75,170,185,3.3,20,120,0,0,Right,10,186,10,275,35,65,35,20,No,80
Male,69,167,160,2.72,5,1,0,0,Right,3,130,45,85,60,75,40,90,No,72
Female,65,175,145,3.26,400,120,1,9,Right,1,190,25,134,20,50,35,10,Yes,65
Female,59,160,145,3.43,100,180,0,4,Right,1,8,25,145,70,85,90,95,Yes,75
Female,66,120,120,3.15,100,3,0,3,Right,0,181,5,218,40,30,50,70,No,80
Male,73,185,185,2.24,200,150,0,0,Right,0,395,50,50,70,40,60,50,Yes,80
Male,65,125,115,3,15,70,0,2,Right,0,168,10,100,90,80,70,70,Yes,80
Male,69,185,170,3.89,20,600,0,0,Right,1,26,10,256,90,99,90,99,No,100
Female,61,110,105,3.04,100,240,0,3,Right,0,219,30,200,30,30,30,40,No,50
Female,64,137,130,3.88,5,20,0,0,Right,0,14,5,110,50,80,40,50,No,80
Male,69,210,190,3.4,25,90,0,0,Right,0,19,30,198,25,75,25,25,No,38
Female,66,135,127,4,25,20,0,2,Right,0,380,17,163,30,40,17,13,No,63
Female,68,250,200,2.79,5,180,0,2,Right,9,165,30,56,5,70,5,0,No,50
Female,68,150,140,3.93,200,100,0,4,Right,0,38,10,300,60,40,30,30,Yes,80
Male,73,157,160,3.72,100,70,0,0,Right,16,106.7,25,930,75,80,40,30,No,85
Female,70,165,155,3.65,55,75,0,2,Right,1,378.33,60,118,50,30,40,80,No,70
Male,67,160,155,3.89,100,45,0,0,Right,3,372,20,229,75,92,95,50,Yes,70
Female,67,116,116,3.5,75,2,0,2,Right,0,187,40,75,40,50,70,40,Yes,70
Female,71,134,125,2.56,30,45,0,4,Left,0,199,25,322,25,20,75,75,Yes,50
Female,64,135,125,3.46,25,60,0,0,Right,0,195,40,61,45,50,45,25,No,50
Male,68,180,195,3,10,10,1,0,Right,0,21,0,60,0,50,50,10,Yes,10
Female,65,160,145,3.18,7,300,0,6,Right,0,171,25,126,0,0,0,0,No,50
Male,73,130,150,3.1,20,5,0,0,Right,2,3.54,7,85,70,70,30,30,No,80
Female,64,117,115,3.94,25,30,0,0,Right,1,7.8,5,120,50,90,50,20,No,50
Female,63,125,120,2.8,3,4,0,3,Right,0,3,2,20,30,3,20,10,No,60
Female,66,140,135,3.09,10,0,0,2,Right,0,187,25,54,75,85,90,50,No,75
Male,73,200,180,3.86,100,8,0,0,Right,2,4,30,150,30,50,30,50,No,40
Female,65,130,120,3.62,15,60,0,2,Right,0,387,50,41,25,40,50,30,No,75
Male,70.5,160,185,3.48,75,100,2,2,Right,2,388.85,30,43,95,65,70,50,Yes,89
Female,68,131,125,3.47,200,60,0,2,Right,0,15.4,1,150,87,93,56,7,No,87
Female,67,150,130,3.87,50,120,0,2,Left,0,32,25,103,75,50,10,75,Yes,90
Female,64,98,108,2.28,200,180,3,2,Right,0,168,5,1000,85,75,50,70,Yes,80
Male,70,185,185,2.8,10,30,0,0,Right,1,164,10,348,70,60,90,40,No,85
Female,64,135,120,3.11,5,1,0,0,Right,0,17.6,35,212,50,75,40,60,Yes,80
Female,61,100,100,3.48,20,30,0,2,Right,0,46.8,40,109,1,0,2,3,No,3
Female,66,138,125,3.46,120,90,0,3,Right,1,119,5,197,65,75,50,50,No,86
Male,72,185,185,2.4,30,150,0,0,Right,2,0,40,145,100,100,100,100,Yes,100
Female,67,115,115,4,70,45,0,2,Right,0,378,15,216,10,25,40,10,No,50
Female,67,125,115,4,30,15,1,5,Right,1,10.9,5,143,20,50,30,10,Yes,60
Male,66,200,175,3.4,300,30,0,0,Right,5,77.4,20,170,65,40,60,70,Yes,75
Female,66,182,140,3.53,15,75,0,2,Right,0,17.36,25,105,20,35,15,25,No,52
Female,65,180,130,2.8,300,120,1,4,Right,3,208,60,149,40,40,10,60,Yes,85
Female,60,114,110,3.3,25,10,1,2,Right,3,25,3,415,20,50,30,60,Yes,65
Female,67,127,127,2.8,300,15,0,2,Right,0,46,1,215,80,60,75,80,No,75
Female,67,125,125,2.89,75,45,0,4,Right,2,17.8,1,134,50,50,75,50,Yes,85
Female,64,107,100,2.93,25,60,0,2,Right,0,95,50,53,20,10,30,10,Yes,45
Female,67,130,130,3.38,30,60,0,3,Right,0,10.1,0,150,85,85,60,85,Yes,90
Female,63,130,115,3.25,15,60,0,7,Right,2,36,25,200,50,75,30,75,Yes,55
Female,65.5,140,135,3.83,10,0,0,4,Left,0,14.87,5,130,55,55,30,45,No,90
Male,72,167,180,2.87,40,80,0,0,Right,1,89.2,70,208,45,45,60,80,No,78
Female,67,135,130,3.2,50,60,0,3,Right,0,114.33,20,207,60,60,70,70,No,75
Female,73,135,120,3.16,300,10,0,3,Right,0,74,60,200,20,40,50,30,No,25
Female,62,114,112,3.43,100,60,0,6,Right,1,101,20,265,50,50,25,20,No,75
Male,72,200,185,3.35,100,30,0,0,Left,3,65,12,100,40,45,60,50,No,65
Male,71,155,165,3.77,200,60,0,0,Right,6,381,10,135,50,50,60,50,Yes,70
Male,72,148,155,3,12,45,0,0,Right,3,19.1,15,34,50,70,60,80,No,65
Male,70,160,160,2.6,100,68,0,0,Right,0,193,10,200,65,50,82,56,Yes,61
Female,63,150,130,3.65,75,60,0,2,Right,0,381,10,210,10,50,5,45,No,40
Female,67,130,130,4,200,120,0,4,Right,0,114,50,150,50,75,75,25,No,50
Female,67,171,160,3.09,5,2,0,2,Ambidextrous,1,633.98,5,172,25,45,95,60,No,75
Female,64.5,156,140,0,75,50,0,4,Right,0,381.38,25,70,45,60,20,25,Yes,55
Male,77.5,220,187,3.87,250,5,0,1,Ambidextrous,15,259,0.01,18,93,85,65,100,Yes,99.999
Male,67,165,180,2.5,30,30,0,0,Right,1,0,50,100,50,30,70,70,Yes,60
Female,65,130,125,3.6,200,45,0,3,Right,1,180,10,70,50,30,60,85,Yes,80
Male,75,200,195,3.5,200,120,0,0,Right,2,371,15,159,90,80,80,98,No,90
Male,73,189,175,3.14,50,30,0,0,Right,0,16,10,60,70,70,90,75,Yes,80
Female,60,124,120,3.26,200,120,0,5,Left,2,350,50,285,50,35,70,50,Yes,75
Male,69,154,160,3.05,5,5,0,0,Right,1,0,20,95,20,60,40,30,No,80
Female,72,273,220,2.75,100,4,3,10,Right,0,393,2,125,0,20,100,30,No,75
Male,74,180,180,2.54,50,40,0,0,Right,1,380.6,75,202,90,70,50,85,Yes,80
Female,68,132,125,3.6,50,30,0,2,Right,0.2,24.08,5,179,50,95,50,50,Yes,60
Male,70,145,150,4,25,40,0,0,Right,0,97.63,5,200,50,97,40,60,Yes,75
Female,63,115,110,3.62,50,0,0,2,Right,1,64,10,125,60,80,40,40,Yes,85
Male,69,160,154,3.5,20,60,0,0,Right,0,2,10,60,75,90,70,75,Yes,75
Male,72,155,175,3.05,10,30,0,0,Right,1,314.8,10,94,80,50,65,50,No,80
Male,64,160,150,3.52,500,120,0,0,Right,7,183,50,253,60,70,50,50,No,80
Male,70,170,160,3.78,20,30,0,0,Right,10,380,50,124,25,85,50,25,No,65
Female,61,112,108,3.37,40,30,1,4,Right,1,303,5,260,70,50,70,65,No,80
Female,68,118,110,3.78,10,45,0,2,Right,2,189,70,132,40,79,45,10,Yes,45
Male,72,200,185,3.2,20,0.5,1,0,Right,10,733.41,70,54,70,70,85,70,Yes,80
Female,64,150,140,0,50,60,0,2,Right,0,379,20,75,20,70,75,20,No,28
Female,64,125,115,3.3,100,60,0,2,Right,0,174,10,316,50,80,70,30,No,80
Female,66,130,130,2.84,50,100,2,5,Right,2,174.5,30,40,35,50,60,30,Yes,60
Female,61,121,115,3.8,50,30,1,5,Right,1,379,10,170,10,60,50,50,Yes,35
Female,66,135,130,3.97,25,10,0,2,Right,0,377,10,276,20,60,60,20,Yes,70
Female,63,152,145,3.2,50,45,0,1,Right,0,387.4,20,264,10,5,70,50,No,75
Female,70,140,130,3.6,15,80,1,2,Right,0,385,20,50,90,80,40,95,No,80
Male,76,180,205,2.42,10,60,0,0,Right,1,472,25,105,25,50,65,50,No,82
Female,64,139,120,3.18,30,1,0,4,Right,2,16,20,132,50,70,40,10,Yes,70
Male,68,130,125,2.75,100,2,0,4,Right,5,11.6,50,396,50,25,50,50,No,85
Male,68,142,150,3.57,20,20,0,0,Right,0,8.4,20,160,66,90,95,50,No,66
Female,62,170,150,2.94,500,300,1,7,Right,0,170,0,100,5,10,0,10,No,80
Male,67,129,130,2.89,25,140,0,0,Right,10,14,20,25,52,49,15,75,No,78
Male,74,177,220,2.6,50,30,0,0,Right,1.5,45,25,165,65,50,70,65,Yes,75
Male,73,155,175,3.3,100,60,1,0,Right,3,123,10,208,75,50,50,25,No,85
Female,66,122,118,3.33,50,120,0,2,Right,0,19.5,50,114,50,50,70,50,No,80
Female,70,128,135,4,40,45,0,2,Right,0,12.2,5,80,50,50,80,70,No,55
Male,68,170,170,3,100,0,0,0,Right,1,6,25,75,90,70,85,50,Yes,90
Female,69,135,135,3.8,25,45,0,0,Right,0,552,10,165,50,60,90,50,No,50
Female,65,130,125,3.8,100,90,0,6,Left,0,379.24,30,100,50,65,45,50,Yes,65
Male,65,140,130,2.85,75,180,0,0,Left,2,24.5,57,109,47,42,42,80,No,47
Male,74,225,220,2.65,200,30,0,0,Right,4,106,65,200,75,40,70,80,No,82
Male,70,165,175,3.5,50,30,0,0,Right,1,27,30,40,40,50,30,60,Yes,70
Female,64,120,115,3,10,45,0,4,Right,0,380.17,25,180,50,75,60,50,No,60
Female,63,116,110,3.6,30,180,0,2,Right,1,180,20,100,60,60,70,60,No,90
Male,72,165,160,3.1,3,10,0,0,Right,1,193,20,60,90,80,50,60,Yes,90
Female,62.4,117,110,2.87,100,30,0,3,Right,0,35,13,348,65,50,23,20,Yes,69
Male,69,191,185,3,20,1,0,0,Right,0,503,50,40,50,50,50,65,No,67
Female,66,135,125,3.5,50,50,1,8,Right,0,374,50,85,90,80,50,70,No,90
Female,66,133,125,3.29,150,120,0,2,Right,1,115,5,257,50,75,55,35,Yes,87
Female,64.8,135,110,3.57,25,190,0,4,Right,0,726,25,249,50,50,60,20,No,70
Female,63,110,110,3.94,15,60,1,5,Right,2,17.7,10,83,30,60,0,5,Yes,70
Male,68,140,144,3.4,3,15,0,0,Left,0,1,15,33,75,60,80,50,No,88
Female,68,135,130,3.9,50,120,0,2,Right,4,381,30,63,75,60,0,46,Yes,83
Female,66,135,120,3.03,50,120,0,4,Right,0,0,50,20,95,80,70,25,Yes,80
Female,54,260,150,3,6,300,0,2,Right,2,385,20,110,65,50,10,80,No,70
Male,77,190,205,3.76,50,90,0,0,Right,4,395,10,345,80,80,80,50,No,94
Male,73,215,200,3.45,100,120,0,0,Ambidextrous,4,526.34,50,98,70,80,70,80,No,75
Male,73,151,160,2.75,50,45,0,0,Right,3,18,10,200,0,50,70,50,Yes,75
Female,65,140,130,3.3,30,60,0,2,Right,0,364,5,200,20,20,40,50,No,85
Male,71,180,180,3.6,30,15,2,0,Right,7,4.1,50,230,90,80,80,85,Yes,90
Female,68,160,145,2.41,10,0,0,3,Right,15,6.5,0,28,40,55,0,75,Yes,70
Male,76,185,180,2.43,30,30,0,0,Right,15,119,10,90,75,50,65,45,Yes,85
Female,63,117,110,3.36,45,10,0,4,Right,0,26.08,20,234,50,60,50,30,Yes,80
Male,69,150,165,3.9,10,2,0,0,Right,0,190,30,104,100,85,79,65,No,92
Male,70,165,155,3.69,30,30,0,0,Right,0,96,30,60,60,40,80,40,Yes,90
Male,65,140,135,3.4,20,60,0,0,Right,6,244,15,87,70,85,80,90,No,85
Female,69,140,130,2.89,35,2,0,2,Right,1,106,10,250,60,30,25,50,No,84
Female,66,127,125,3.7,100,60,0,5,Right,0,181,2,170,15,45,15,30,Yes,50
Male,72,182,180,2.9,20,60,0,1,Right,1,634,100,280,30,30,40,30,No,75
Female,65,144,130,3.83,10,30,0,5,Ambidextrous,0,2190,30,30,50,50,90,70,No,80
Male,70,142,158,3.9,120,30,0,0,Left,0.5,199,10,220,80,95,75,98,No,85
Female,66,164,155,0,20,120,0,0,Left,1,10.82,50,70,25,65,10,40,No,64
Male,65,175,150,1.17,2,25,0,0,Right,5,13,45,275,7,20,15,25,Yes,82
Female,62,121,121,3.3,100,0,0,4,Right,5,376,21,102,5,80,80,50,Yes,100
Female,67,144,135,2.98,30,180,0,2,Right,0,376.6,50,231,75,40,30,45,No,85
Male,75,245,230,2.98,20,6,0,0,Right,5,180,15,200,85,60,87,50,No,89.999
Female,63,110,120,2.7,30,120,0,5,Right,0,395,5,253,100,100,90,70,No,99
Female,69,130,125,3.4,50,15,0,2,Right,0,19.6,5,203,75,60,40,60,Yes,75
Female,59,130,115,3.4,150,120,0,4,Right,1,76.59,10,229,50,50,20,60,Yes,50
Male,72,180,185,3.55,70,15,1,0,Right,0,12,20,251,50,50,50,50,No,80
Female,60,125,120,3.51,50,5,0,2,Right,0,55,2,341,90,80,95,80,Yes,95
Male,67,160,160,3.4,100,30,0,2,Right,1,63,43,267,50,50,80,47,Yes,89
Female,66,120,115,3.5,250,45,0,3,Right,1,97,10,285,50,75,75,40,Yes,60
Male,73,190,185,3.77,20,60,0,0,Right,0,300,5,200,75,60,80,99,No,80
Female,56,120,110,3.36,25,30,0,3,Right,1,191.71,40,150,30,15,30,30,No,70
Male,70,145,155,0,2,45,0,0,Right,3,103,70,50,35,80,68,20,No,68
Female,63,135,132,4,25,15,0,2,Right,0,5.6,20,115,50,90,60,30,Yes,85
Male,70,155,155,3,50,45,0,0,Right,5,200,7,132,40,20,70,70,No,80
Female,68,145,130,3.1,200,120,0,5,Right,0,314,25,534,50,50,50,10,No,75
Female,64,121,121,2.88,10,45,0,2,Right,0,0,10,150,30,50,50,25,Yes,80
Female,65,135,120,3.4,100,15,0,4,Right,0,62,5,100,20,30,70,50,No,70
Male,74,198,186,3.15,0,0,0,0,Right,0,3,10,0,75,50,95,25,No,75
Male,68,140,140,3.88,10,10,0,0,Right,0,92,15,141,33,10,15,30,No,80
Male,75,300,230,2.15,20,180,2,0,Right,28,189,60,500,40,20,30,60,No,70
Female,67,160,145,3.72,75,30,0,4,Right,0,187,10,250,0,10,10,2,No,30
Male,67,180,170,3.27,50,60,4,0,Right,0,27.7,70,120,50,75,80,60,Yes,70
Female,63,121,115,3.83,1,30,0,2,Right,0,98.8,30,25,40,80,20,50,No,60
Male,72,285,250,2.28,15,30,0,0,Right,1,393.32,75,317,90,100,25,100,No,90
Male,70,165,175,3,10,0,0,0,Right,0,15,33,150,50,60,65,50,No,70
Male,71,195,175,3.69,200,25,0,0,Left,0,379,5,249,40,90,20,30,No,50
Female,64,130,115,3.55,150,120,0,2,Right,0,9.5,50,208,35,60,20,20,No,65
Female,54,115,115,3.4,15,120,0,3,Right,0,2.64,1,0,50,50,50,50,Yes,50
Male,71,156,175,3.1,100,40,0,0,Right,10,359,30,144,70,90,80,60,No,80
Female,62,119,125,3.1,60,180,3,3,Right,3,2,10,58,85,50,30,30,No,94.3
Male,70,175,180,3.35,40,30,0,0,Right,7,7,75,120,75,75,85,50,Yes,75
Male,68,150,155,3.8,100,60,0,0,Right,0.5,65,5,200,50,80,70,40,No,75
Male,74,185,200,3.4,250,80,0,0,Right,5,4.2,1,326,50,50,50,50,Yes,90
Female,62,159,130,0,5,180,0,2,Left,3,11.26,50,100,20,50,10,30,Yes,99
Female,67,140,130,3.8,50,20,0,2,Right,1,70.5,15,217,100,90,50,80,No,90
Female,63,134,120,3.04,40,90,0,2,Right,2,120.94,5,200,70,30,50,55,Yes,85
Female,62,120,115,3.5,200,45,0,4,Ambidextrous,0,26.8,5,68,50,90,60,35,Yes,80
Female,64,170,140,3,0,10,0,2,Right,0,23,10,15,20,60,10,10,No,95
Male,67,163,150,3.2,200,60,0,0,Right,0,0,70,80,30,40,7,50,No,78
Male,73,171,180,2.75,20,100,1,0,Right,8,1254,5,161,97,86,74,82,No,98
Male,71,180,180,3.1,100,30,0,0,Right,0,51,1.2,0,100,100,68,75,Yes,97
Female,65,135,130,2.9,5,1,0,4,Ambidextrous,0,0,60,19,69,60,50,80,No,80
Male,74,185,195,3,20,0.01,0,0,Right,4,12.1,2,400,70,50,60,60,No,100
Male,75,200,190,2.9,25,240,0,0,Right,10,16.2,50,68,15,5,30,40,No,60
Male,70,148,150,3.85,50,15,0,0,Right,8.5,180,20,136,80,75,50,50,No,80
Male,76,185,190,3.51,50,1,0,0,Right,15,3,40,260,30,50,70,70,No,60
Male,71,270,210,2.7,7,25,0,0,Right,1,136,75,30,50,50,30,70,No,70
Male,76,165,178,3.84,20,150,0,0,Right,1,252,65,300,100,77,55,65,No,70
Male,68,177,170,2.7,300,120,0,0,Right,12,55.5,10,250,45,90,5,50,Yes,60
Female,65.5,132,125,3.05,100,30,1,2,Right,0,25,0,55,75,65,80,55,Yes,80
Female,68,155,145,3.84,15,60,0,2,Right,0,371,5,239,50,75,50,45,No,60
Male,75,180,180,2.01,15,0,0,0,Right,0,8.3,50,250,50,60,50,40,Yes,100
Female,66,166,130,2.6,300,20,1,4,Right,0,63,10,150,10,5,0,20,No,43
Female,64,137,135,3.4,50,75,0,6,Right,0,253,7,273,40,40,70,40,Yes,70
Female,61.5,115,110,3.56,400,1,0,2,Right,3,164,70,98,20,20,50,10,Yes,89
Male,66,175,160,3.81,75,5,0,0,Right,0,351.6,5,678,60,75,40,60,Yes,65
Male,70,150,145,3.85,20,30,0,1,Right,6,18.2,15,45,25,55,19,45,Yes,99
Female,67,140,135,3.21,100,1,0,2,Right,0,251.51,10,150,80,50,80,30,Yes,80
Female,64,102,110,3.26,30,60,0,3,Left,0,184,25,105,50,25,25,50,No,75
Male,70,145,155,0,100,60,0,0,Right,3,40,10,40,50,50,67,55,No,60
Female,64,102,110,3.26,30,60,0,3,Left,0,184,25,105,60,30,30,50,No,60
Female,64,110,110,2.99,100,30,0,3,Right,1,25,35,105,25,10,1,30,Yes,50
Female,72,260,180,3.32,100,120,0,2,Right,1,10.1,0,115,5,20,0,30,Yes,20
Male,67,150,160,3.72,50,90,0,0,Right,0,552,40,236,40,80,50,50,No,75
Male,69,172,175,2.85,75,240,0,0,Right,10,183.52,30,200,60,60,70,60,No,80
Female,62,109,104,3.97,80,60,0,2,Right,1,98.65,10,208,65,70,40,45,Yes,74
Male,74,260,285,2.8,50,3,0,0,Right,0,2,30,698,100,60,99.9,70,Yes,100
Female,64,130,120,3.42,100,30,0,2,Left,0,11.87,2,253,5,10,20,10,Yes,40
Female,62.25,175,160,3.1,50,60,0,4,Right,4,25.3,15,85,50,80,20,75,Yes,75
Female,63,127,125,3.84,200,120,0,5,Right,0,377.67,80,603,50,70,50,70,No,75
Female,64,152,140,3.8,32,45,1,3,Right,0,193.83,4,83,35,65,20,75,No,60
Male,65,137,145,3.2,150,45,0,0,Right,0,42,30,213,70,40,75,30,No,75
Female,67,178,155,3.35,10,0,0,8,Right,0,14,25,53,85,70,45,90,Yes,89
Male,73,171,171,3.46,12,0,0,2,Right,0,76,30,54,80,60,90,50,Yes,85
Male,72,215,195,0,0,15,0,0,Right,1,14.7,35,4,50,50,65,30,No,68
Male,70,153,150,3.25,100,45,1,0,Right,2,14.23,5,191,75,25,80,25,No,85
Female,63.25,124,120,3.81,10,5,2,2,Right,2,9.7,0,86,70,90,40,50,Yes,80
Female,67,132,125,3.1,100,3,0,2,Right,0,224,20,180,50,20,20,30,Yes,78
Female,66,150,135,3.6,100,30,0,3,Left,0,18.7,2,250,25,50,15,15,Yes,75
Female,53,152,140,3.19,150,240,0,5,Right,0,233,5,103,5,10,25,25,No,100
Female,56,218,145,3.1,61,0,0,3,Right,0,3.5,0.5,74,0,95,0,50,Yes,50
Female,60,106,105,3.93,200,45,0,4,Right,0,11.5,20,150,40,60,45,15,No,60
Male,72,145,160,3,5,5,0,0,Left,20,182,30,50,60,85,60,65,No,75
Female,66,135,135,2.65,20,60,0,2,Right,0,7.7,75,300,50,50,50,50,No,50
Male,74,145,150,3.88,3,10,0,0,Right,1,195,10,127,60,60,20,70,No,65
Male,74,160,190,3,5,0,0,0,Right,21,189,30,86,80,70,90,70,No,87
Female,58,104,98,2.6,100,120,1,6,Right,0,864,4,200,40,40,50,90,No,50
Female,67,120,115,3.87,40,20,0,2,Left,0,2.9,5,120,30,30,20,10,Yes,70
Female,66,190,150,0,40,60,0,3,Right,1,741,60,100,50,60,20,50,No,85
Male,74,190,185,3.85,80,60,0,0,Right,10,570,30,200,60,80,60,80,No,60
Male,69,184,170,3.41,40,60,0,0,Right,0.5,184,30,165,20,70,60,50,No,35
Female,69,115,125,3.32,200,240,0,7,Right,2,20,1,194,95,65,90,95,Yes,95
Male,72,187,180,3.11,40,120,0,0,Right,0,0,20,235,70,30,50,60,Yes,75
Male,74,210,210,2.49,30,30,0,0,Right,3,182,0,51,60,50,75,100,Yes,75
Female,62,110,125,2.81,50,240,0,2,Right,0,411,10,41,50,50,50,70,Yes,80
Female,65,135,135,2.59,0,10,0,3,Right,0,286,0,0,50,50,10,20,Yes,75
Female,62,145,120,4,20,45,0,2,Right,1,16.9,35,70,50,7,25,60,No,70
Female,69,130,125,3.7,150,30,0,4,Right,0,380,1,182,10,20,10,50,Yes,90
Female,60,125,120,3.43,150,30,0,6,Right,0,14.3,15,167,70,50,25,50,No,75
Female,65,128,128,3.66,15,60,0,0,Right,0,10,5,200,50,50,20,20,Yes,65
Female,62,135,110,3.82,20,30,0,2,Right,0,20,2,236,60,80,60,60,No,77
Male,69,210,170,2.64,5,30,0,0,Left,5,14.9,1,40,0,95,0,85,No,50
Female,61,130,120,2.83,150,60,2,6,Left,0,180,100,323,80,50,75,30,Yes,89
Female,64,108,106,3.93,200,45,0,6,Right,0,71,10,200,50,70,30,30,No,70
Female,64,130,120,2.79,45,190,0,2,Right,0,10.3,40,350,40,40,20,35,No,60
Female,67,145,130,4,100,60,0,5,Right,0,21,30,250,50,70,20,20,Yes,70
Female,66,135,125,3.3,75,60,0,4,Right,1,4.9,5,134,95,65,40,80,Yes,95
Female,68.4,120,125,3.2,300,120,0,4,Right,0,181.87,30,140,20,40,10,50,No,80
Male,65,150,130,3.56,30,60,0,0,Right,0,105,20,264,40,60,50,70,No,21
Male,76,186.5,185,3.78,50,75,0,0,Right,0,139,25,541,85,90,75,95,No,80
Female,60,110,103,3.29,75,30,0,5,Right,1,384,1,130,90,85,80,30,Yes,94
Male,71,162,170,3.18,15,20,0,0,Right,0,15,30,140,70,90,60,90,No,78
Female,64,170,150,2.85,350,4,0,4,Right,0,99.2,35,198,30,50,35,40,Yes,80
Female,68,102,102,3,15,15,0,4,Left,0,10,5,80,40,40,0,20,Yes,70
Female,62,120,110,3.5,20,40,0,3,Right,7,199,3,57,10,60,10,50,Yes,60
Female,63,116,112,3.87,30,15,0,3,Right,0,380,20,100,60,60,50,60,Yes,75
Female,63,115,115,3.6,50,1,0,3,Left,0,0.5,20,100,30,30,50,50,No,60
Female,69,130,125,2.4,450,60,0,5,Right,0,189,30,200,10,20,45,20,Yes,85
Female,64,130,125,3.5,100,30,0,4,Right,8,14,10,200,50,80,60,40,Yes,70
Male,67,140,140,3.04,25,120,0,0,Right,10,171.64,20,452,75,50,75,90,No,87
Male,69,205,250,3.1,45,0,0,0,Right,1,6,99,58,90,50,70,40,No,85
Female,64,142,135,3.67,30,45,0,2,Right,0,8,25,103,25,60,35,40,No,45
Male,74,170,180,3.1,10,1,0,0,Right,10,14.6,30,1,60,80,80,50,No,60
Male,76,235,235,3,200,15,0,0,Right,0,400,35,210,70,70,60,60,No,70
Female,65,125,120,2.84,8,45,0,7,Right,0,0,64,200,42,78,94,73,Yes,84
Male,69,162,170,2.8,25,60,0,0,Right,2,177,20,103,80,30,85,50,No,86
Male,73,192,189,3.3,30,0,0,0,Ambidextrous,15,11.7,7.889,91,1,1,2,3,Yes,24
Female,64,155,130,2.4,75,180,0,2,Right,2,8.6,1,151,88,42,20,78,Yes,94
Female,64,105,110,4,10,30,0,4,Right,0,16.6,10,60,50,50,30,20,Yes,85
Female,67,135,120,3.6,60,60,0,3,Right,0,34.9,75,118,30,40,20,30,No,75
Female,65,110,110,3.5,1,0,0,8,Right,0,43,0,58,60,70,80,10,Yes,70
Female,62,110,105,3.4,75,30,2,4,Right,0,63,20,160,5,5,50,5,Yes,50
Male,76,195,200,3.4,75,120,0,0,Ambidextrous,3,167.53,36,215,93,67,95,90,No,89
Female,60,122,122,2.56,70,120,0,2,Left,0,193,3,200,100,50,60,70,No,100
Female,66,150,125,3.24,50,60,0,3,Right,0,5,30,200,8,20,1,2,No,7
Female,66,120,120,3,50,30,0,4,Right,0,379.6,10,150,80,60,60,60,Yes,80
Female,69,136,137,3.63,45,30,0,2,Right,1,26,10,90,70,75,85,50,Yes,70
Female,66,134,130,2.65,20,60,0,4,Right,0,1.84,20,208,70,40,20,50,No,80
Male,67,250,200,2.46,30,4,0,0,Left,0,389,30,130,70,80,10,90,No,100
Female,67,112,110,3.08,50,0,3,6,Right,0,14.9,20,108,70,40,60,40,No,80
Female,65,140,130,2.76,20,30,0,4,Right,0,10,10,322,15,10,30,50,No,75
Female,67,143,125,2.85,100,60,0,2,Right,0,5.4,20,240,60,40,15,75,Yes,80
Male,73,150,170,2.69,20,45,0,0,Ambidextrous,7,219,10,291,75,75,50,75,No,100
Female,66,115,115,2.75,100,90,1,2,Right,4,23,40,360,10,15,20,5,Yes,35
Male,73,125,138,3.51,30,30,0,0,Left,0,124,2,75,98,94,97,80,Yes,90
Female,64,185,160,3.52,2,1,0,2,Right,0,13.4,50,38,20,50,20,35,No,65
Female,62,137,120,3.2,3,30,0,2,Right,10,314.91,20,20,30,70,75,80,No,67
Male,69,180,170,2.8,22,25,0,0,Right,1.5,6.5,0,76,100,75,80,35,Yes,99
Male,74,145,160,2.4,50,15,0,0,Right,1,0.1,98,150,20,20,25,80,Yes,80
Female,73,185,180,3.14,20,45,0,2,Right,0,371,15,459,50,70,99,40,No,70
Male,73,170,170,3.5,50,60,0,0,Right,10,5,50,167,60,50,85,80,Yes,80
Male,74.4,165,175,3.61,70,20,0,0,Right,7,381,50,148,70,75,70,60,No,80
Female,64,120,115,3.2,90,70,0,4,Right,0,751,10,200,50,40,30,30,No,60
Female,63.75,149,130,3.2,12,60,0,2,Right,0,184.16,3,132,25,50,50,50,No,50
Female,62,102,100,3.5,1,0,4,3,Right,0,25,5,25,80,75,40,40,No,90
Female,66,117,115,3,10,10,0,2,Right,0,30.7,5,36,60,55,50,40,No,75
Female,68,180,145,2.9,150,300,0,4,Right,1,431,50,195,50,30,40,60,No,65
Male,78,305,280,2.97,7,30,0,0,Right,1,396,35,65,40,75,30,90,No,85
Female,65,130,100,3.5,25,600,0,4,Right,0,311,90,144,20,10,60,30,No,20
Male,75,155,180,3.89,15,1,0,0,Right,1,183,40,170,70,98,60,40,Yes,75
Male,74,260,280,2.9,15,240,0,0,Right,0,5.7,50,45,95,85,85,85,No,100
Female,73,195,185,3.7,200,30,0,0,Right,0,231,30,367,40,60,60,55,No,85
Male,71,205,180,2.5,10,5,0,2,Right,1,650,60,135,0,30,20,15,No,85
Female,69.5,140,130,3.9,50,60,0,2,Right,1,21,50,75,10,15,20,25,Yes,50
Male,70,175,180,3.52,50,60,0,0,Right,7,0,20,100,20,40,30,25,Yes,50
Female,62,115,110,3,150,90,0,2,Right,0,167.3,30,150,20,50,40,30,Yes,88
Male,72,179,175,2.2,5,15,1,0,Right,0,103,100,94,100,100,100,100,Yes,100
Male,67,145,145,2.9,20,30,1,0,Right,3,5.7,15,150,60,50,65,50,No,70
Female,62,104,102,2.7,200,60,0,2,Right,0,308,75,178,65,70,40,50,Yes,75
Male,73,153,165,3.75,18,40,0,0,Right,0,15,15,209,60,90,30,25,No,85
Male,70,215,200,2.6,20,2,0,0,Right,2,290,30,216,80,90,60,80,No,7
Female,65,133,125,3.47,30,5,0,6,Right,0,102,20,100,60,40,30,50,Yes,65
Female,66,122,128,4,75,15,0,2,Right,2,169,10,149,50,90,70,75,Yes,75
Female,68,130,130,3,100,10,0,8,Right,0,0,10,300,0,10,30,0,No,100
Female,67.5,150,130,3.8,30,15,0,0,Right,0,38.7,1.00E-04,66,5,50,5,60,Yes,50
Female,67,125,125,2.8,100,30,1,3,Right,0,495,25,126,15,10,35,40,No,85
Female,63,97,100,3.83,100,60,0,2,Right,0,108,10,66,30,70,50,60,Yes,50
Male,75,225,200,2.67,50,70,0,0,Right,30,20,20,220,40,80,60,40,Yes,60
Female,62,160,120,2.54,50,10,2,8,Right,0,29,50,130,50,10,2,10,Yes,50
Male,69,130,145,3.2,30,100,0,0,Left,4,106,30,92,75,75,30,90,No,84
Male,73,183,183,3.95,100,120,0,0,Right,3,0,20,60,60,99,80,75,No,65
Male,72,180,170,1.5,3,120,0,0,Right,2,6,60,150,40,30,40,30,Yes,70
Female,63,187,136,2.96,50,300,1,4,Right,4,386.45,60,153,40,55,20,15,No,89
Female,66,130,120,2.77,100,60,0,2,Right,1,195,5,314,90,40,20,10,Yes,89
Female,66,130,120,2.77,100,60,0,2,Right,1,195,5,312,89,20,10,10,Yes,85
Female,66,120,110,3.84,350,45,0,2,Right,0,174,55,420,45,60,30,55,Yes,75
Male,72,225,200,1.6,50,120,0,0,Right,1,182,50,96,50,25,45,50,Yes,64
Female,64,150,125,3.6,50,4,0,3,Right,6,379,10,150,70,85,20,90,Yes,70
Female,62,115,105,3.01,25,60,0,5,Right,0,58.1,25,230,75,50,15,65,No,85
Male,72,165,185,2.85,50,150,0,0,Right,2,899.62,10,87,80,60,90,90,No,83
Female,72,216,185,2.8,10,20,0,2,Right,1,27.1,20,30,50,30,40,70,Yes,50
Male,76,203,200,3.1,100,20,0,0,Right,0,3.5,5,300,50,95,75,35,Yes,60
Female,66,220,160,4,40,60,0,2,Right,0,16.5,25,119,25,75,20,45,No,75
Female,62,120,116,3,60,63,0,6,Right,0,0,20,100,90,50,60,50,Yes,90
Female,69,135,125,2.97,75,90,0,3,Right,0,19.4,30,493,40,40,20,50,No,75
Female,66,130,120,3.25,500,60,0,2,Right,2,104,8,1000,70,30,98,88,Yes,85
Female,71,130,130,3.5,30,180,0,5,Left,2,43,15,150,30,20,40,20,No,80
Male,73,203,205,2.8,15,20,0,0,Right,10,1137,80,105,60,75,80,45,No,82
Male,74,215,205,2.79,15,180,0,0,Right,0,373,67.3,202,69,53.8,46.9,77.4,No,68
Female,65,135,130,3.6,250,180,0,5,Right,0,0,50,108,60,30,30,60,No,85
Male,73,185,180,2.86,100,70,0,0,Right,0,476,60,189,80,60,50,50,Yes,90
Female,67,108,100,3.57,20,3,0,2,Right,0,5000,14,20,10,75,1,20,Yes,70
Female,66,130,110,3.51,100,60,2,4,Right,0,197,20,75,25,50,15,75,No,23
Female,63,100,100,3.4,0,0,0,0,Right,15,46.9,0,3,0,0,0,0,No,15
Male,73,182,190,3.24,15,60,1,0,Right,0,4.56,3,212,60,75,80,85,Yes,87
Male,67,150,160,2.44,15,10,0,1,Right,4,122,25,97,99.9,66,97,99.9,No,100
Male,65,138,130,3.4,15,30,0,0,Right,1,291,50,278,50,50,50,65,No,80
Male,75,290,220,3.15,15,150,0,0,Ambidextrous,3,9,27,19,100,100,100,100,Yes,99.999
Female,64,102,105,2.7,100,120,0,2,Right,2,190,20,100,50,60,40,50,Yes,75
Male,71,165,150,2.75,15,60,0,0,Right,1,371,10,126,50,45,40,75,No,85
Male,66,130,130,2.76,50,6,0,0,Right,0,0,20,100,99,99,99,99,Yes,90
Male,66,150,140,3.3,80,45,0,0,Right,5,56,40,96,60,30,20,70,No,75
Female,61,95,110,2,50,0,0,2,Left,0,197,10,300,50,50,60,50,No,60
Female,65,140,115,3.9,70,45,1,4,Right,0,382.66,15,155,10,50,30,0,Yes,50
Female,65,140,125,3.1,50,10,1,5,Right,0,11.47,40,208,50,30,50,70,No,85
Female,62,110,105,3.74,200,3,0,6,Right,0,110,15,132,70,70,30,20,Yes,85
Female,66,135,135,2.94,250,20,2,5,Right,1,9.9,2,108,15,10,15,65,Yes,25
Female,67,133,130,3.58,50,30,0,3,Right,0,220,10,338,5,50,40,40,Yes,70
Male,71,163,163,2.9,20,100,0,0,Right,10,377,10,150,20,30,40,70,No,85
Female,60,125,110,3.14,150,90,0,2,Right,0,307.15,65,333,50,60,85,30,Yes,60
Male,70,180,180,3.46,80,15,3,0,Right,0,153,5,81,70,50,75,50,Yes,93
Male,70,155,160,3.3,75,60,0,0,Left,10,380,20,120,30,50,10,30,Yes,50
Female,69,190,160,3.5,200,5,0,5,Right,10,376.3,45,95,25,70,15,50,No,67
Male,71,154,170,3,200,80,0,0,Right,0,380,60,486,80,60,80,90,Yes,85
Male,71,170,170,2.64,30,40,0,0,Left,14,86,1,60,80,80,70,70,No,99
Male,75,190,200,3.02,75,30,0,0,Right,8,12,3,92,60,70,60,85,No,75
Male,70,185,170,1.65,50,120,0,0,Right,6,1.5,25,75,25,50,60,50,No,75
Female,63,130,115,3.09,25,60,3,8,Right,0,16.7,10,120,50,75,5,50,Yes,90
Female,68,175,150,3.32,20,75,0,4,Right,5,158,2,75,2,25,0,3,Yes,40
Male,67,154,154,2.13,15,0,3,0,Right,5,17.4,30,209,65,50,55,60,No,85
Male,72,240,220,3.65,15,60,0,0,Right,3,4.4,25,203,50,60,70,65,Yes,75
Male,70,175,165,3,100,90,0,0,Right,3,4.25,10,100,60,70,80,40,No,80
Male,69,155,170,2.4,10,20,0,0,Right,2,15,20,200,60,70,65,75,No,65
Female,70,125,120,4,50,120,0,3,Right,0,2.5,5,115,70,99,40,50,Yes,75
Female,66,140,130,2.94,250,10,2,5,Right,1,9.9,2,108,10,10,15,70,Yes,25
Male,75,195,210,2.6,25,65,0,0,Right,0,486,10,103,50,25,70,50,No,65
Male,70,260,200,2.97,2,180,0,0,Left,20,329,33,81,5,85,5,50,No,15
Female,67,130,125,3,30,120,0,2,Right,0,188,50,150,85,50,50,60,No,85
Female,65.52,121,110,3.12,10,40,0,0,Right,0,0,50,50,2,10,3,2,Yes,80
Male,69,155,175,3.15,30,10,1,0,Left,6,300,10,160,85,70,90,85,No,88
Male,70,172,180,3.12,30,80,0,0,Right,0.5,1,40,246,95,85,97,65,Yes,93
Male,72,185,190,3.3,50,60,0,0,Right,2,225,20,250,99,98,100,95,No,100
Female,63,118,105,3.23,175,120,1,2,Right,2,381,15,304,50,75,30,30,Yes,50
Female,66,145,130,3.48,20,100,0,5,Right,0,348,45,60,60,50,45,65,No,70
Female,62,125,115,4,30,0,0,0,Right,0,124,10,76,4,10,10,4,Yes,43
Male,72,180,170,2.76,10,60,0,0,Right,1,257,20,119,60,50,60,70,Yes,80
Female,65,137,130,3.65,15,45,0,2,Right,0.5,102.27,15,277,60,80,65,70,Yes,93
Female,67,130,125,3.61,35,45,0,3,Right,0,381,40,65,70,60,30,40,No,70
Male,72,163,176,2.68,15,20,0,0,Right,0.5,176,20,123,80,97,75,80,No,92
Female,53,124,124,2.6,10,30,0,4,Left,0,3.6,30,110,50,30,75,50,Yes,100
Male,73,195,185,1.2,0,0,1,0,Right,0,23,10,179,50,50,0,25,No,85
Female,61,107,110,3.32,7,60,0,5,Right,2,15.1,10,100,65,50,40,35,Yes,89
Female,65,133,110,3.3,40,3,0,2,Right,8,381,20,89,55,80,75,75,No,75
Male,73,170,185,3.13,150,90,0,0,Right,1,100,10,180,5,20,30,10,Yes,90
Male,72,200,180,2.97,25,50,0,0,Right,0,1235,44,250,85,70,20,76,Yes,86
Female,71,155,150,2.8,50,240,0,2,Right,0.5,187,30,293,75,50,50,85,No,85
Male,73,190,210,3.81,30,30,0,0,Left,3,1157,3,112,95,92,92,70,Yes,92
Male,69,200,180,3.19,120,120,0,0,Right,3,211,20,194,50,60,40,80,Yes,75
Female,67,145,135,3.6,100,60,1,7,Right,0,15,10,210,70,70,50,99,No,75
Female,68,120,120,3.77,50,90,0,2,Right,0.5,1,20,250,60,70,45,50,Yes,75
Female,66.5,143,130,3.1,7,90,0,2,Ambidextrous,0,72.9,15,400,0,0,20,15,No,60
Male,70,155,165,2.97,50,10,0,1,Right,8,197,5,237,60,50,80,40,Yes,65
Male,72,180,170,1.5,3,2,0,0,Right,2,6,50,150,40,40,40,30,Yes,70
Male,67,155,160,2.3,200,30,0,0,Right,2,11,30,72,30,30,30,35,Yes,70
Female,64,130,120,2.85,15,60,1,6,Right,0,156,5,250,25,25,5,15,Yes,55
Female,66,135,125,3.28,30,20,0,2,Right,1,177,50,92,70,80,60,70,Yes,80
Male,70,175,175,3.3,100,45,0,0,Right,0,376,25,127,75,50,80,75,Yes,75
Female,67,153,140,3.49,4,15,1,0,Right,0,4.6,20,75,30,85,50,75,Yes,77
Male,68,130,150,3.1,20,30,0,0,Right,5,4.3,10,130,60,50,20,80,Yes,85
Male,75,220,200,3.45,250,90,0,0,Right,7,1171,15,79,25,10,25,25,No,75
Female,69,180,165,2.9,50,90,1,2,Right,1,285,60,200,50,50,70,90,Yes,89
Male,71,175,170,3.7,20,120,0,0,Right,40,258,5,200,75,85,60,75,No,75
Male,74,175,175,3.1,100,120,0,0,Right,10,380,0,200,100,100,100,100,Yes,80
Male,75,75,250,3.23,30,40,0,0,Left,5,35.7,70,80,30,70,40,70,Yes,75
Female,64,125,120,3.7,150,60,1,7,Right,0,17,40,137,30,85,40,80,Yes,68
Female,68,190,170,2.9,30,120,1,3,Right,2,172,30,147,20,10,45,15,No,30
Male,72,204,195,3.11,12,30,0,0,Right,8,0,30,289,71,60,85,20,Yes,78
Female,67,125,124,3.4,20,15,0,3,Right,0,193,20,25,51,49,75,65,Yes,55
Male,72,185,180,3.01,50,120,0,0,Right,5,25,75,121,88,75,87,75,Yes,80
Male,71,197,180,3.16,50,30,0,0,Right,21,172,75,177,20,30,10,70,No,80
Male,72,168,169,2.75,20,200,0,0,Right,6,12.3,0,123,70,60,70,80,No,80
Female,63,180,150,2.44,30,180,0,2,Right,2,3.7,25,192,50,50,20,50,Yes,50
Female,67,132,125,3.96,6,90,1,2,Right,1,13.2,81,36,75,80,30,95,No,78
Female,62,123,117,3.67,100,30,0,3,Right,0,9.1,10,112,25,25,10,10,Yes,50
Female,67,137,134,3.24,10,30,0,2,Right,0,197,13,0,50,50,50,70,Yes,80
Male,74,275,175,2.5,5,0,0,0,Right,6,175,100,30,50,50,50,75,No,85
Male,72,180,190,2.8,45,5,0,0,Right,1,15,1,100,15,15,16,70,Yes,60
Female,53,120,115,4,200,60,0,3,Right,0,197,35,446,37,60,26,15,Yes,70
Female,64,118,115,3.66,100,120,0,5,Right,1,100.01,50,220,75,60,60,75,Yes,80
Female,59,95,95,0,50,120,0,2,Right,0,23.1,30,50,50,50,10,40,No,60
Male,72,178,175,3.25,100,60,3,0,Right,2,39.26,1,200,30,25,50,20,Yes,70
Male,73,155,170,3.2,20,30,1,0,Left,1,110,60,318,60,50,40,60,Yes,87
Female,66,155,130,4,20,180,1,6,Right,0,10.4,30,300,45,85,45,60,No,75
Male,71,187,178,2.44,25,20,0,0,Right,12,193,20,24,78,85,60,35,Yes,85
Male,72,130,130,3.85,100,60,0,0,Right,5,197,25,235,90,85,60,89,No,90
Female,69,140,130,3.43,100,120,0,2,Right,0,4.3,80,338,55,50,40,45,No,78
Female,69,147,140,3.11,10,0,0,2,Right,0,190,5,161,60,60,73,35,Yes,65
Female,65,130,120,2.29,50,60,0,4,Right,1,160.58,10,40,50,50,60,75,Yes,80
Female,62,170,145,2.99,360,20,0,2,Right,0,386,40,250,80,70,30,50,Yes,100
Male,72,180,170,2.78,120,90,0,0,Right,5,249,40,62,80,70,80,70,No,90
Female,64,115,112,4,100,90,0,2,Right,0,5.6,20,150,50,85,40,40,Yes,75
Female,68,165,155,3.45,150,120,0,4,Right,0,187,30,200,0,10,0,2,No,25
Male,72,205,185,3.2,100,300,0,0,Ambidextrous,8,189,76,125,75,75,75,99,Yes,99
Female,69,160,130,2.9,1,30,0,0,Right,0,15,50,33,50,50,50,50,Yes,75
Male,74,192,190,3.4,50,10,0,0,Right,2,4079,10,35,60,60,75,40,Yes,70
Female,63,110,110,3.55,8,60,0,2,Left,0,21,30,73,30,40,10,10,No,50
Female,66,134,125,2.78,35,3,0,2,Right,2,110,5,83,80,60,86,67,No,75
Male,67,135,150,3.91,30,60,0,0,Right,2,180,1,135,40,80,75,95,No,40
Male,69,180,190,2.73,40,120,0,0,Right,2,378,80,534,80,75,90,89,No,100
Female,64,127,124,3.2,30,180,0,3,Right,3,115,15,66,69,68,50,50,No,67
Female,73,110,105,2.3,60,60,0,2,Right,3,190,20,178,40,20,30,60,No,86
Male,77,243,220,2.9,4,30,0,0,Ambidextrous,5,76,80,20,40,60,40,97,No,67
Female,63,160,135,3.2,10,30,0,9,Left,10,85,10,126,50,75,15,75,Yes,75
Female,65,130,125,3.82,50,4,0,6,Right,3,4,50,250,25,25,25,25,No,60
Male,73,165,190,3.1,20,20,1,0,Ambidextrous,2,216,30,357,40,95,20,100,No,50
Female,65,135,128,2.75,30,15,0,2,Right,0,13,1,100,25,25,35,35,No,75
Male,69,145,160,3,100,45,0,0,Right,1,28.5,25,125,99.9,51,85,68,No,83
Male,70,153,165,3.1,100,2,0,0,Right,3,152,15,100,75,75,95,45,No,85
Male,69,170,170,2.87,25,10,0,0,Right,1,180,100,579,90,60,90,50,Yes,1.687
Male,69,150,180,2.47,50,60,1,2,Right,3,1974,25,167,75,50,85,80,Yes,85
Male,78,250,225,3.27,200,2,0,0,Right,5,200,25,100,80,80,90,60,No,80
Female,59,118,125,2.8,20,20,0,5,Right,0,0,20,200,100,100,100,100,No,100
Male,71,175,180,3.22,100,30,0,0,Left,5,123,65,113,60,60,60,40,Yes,89
Female,67,150,145,3.2,200,120,0,7,Right,1,192,60,419,25,30,50,50,No,70
Female,66,120,120,2.49,100,180,0,3,Right,0,219,10,200,50,25,10,25,No,75
Male,72,155,165,3.5,50,120,0,0,Right,0.5,15.8,1,80,60,75,50,40,No,70
Female,64,130,128,3.49,750,120,0,5,Right,0,8.8,50,250,30,20,30,40,Yes,85
Male,72,200,180,2.38,11,120,0,0,Left,7,247,1,457,10,70,50,90,Yes,85
Female,63,105,105,3,12,30,0,2,Right,2,174,30,113,45,60,30,40,Yes,70
Female,65,134,128,2.67,30,100,0,2,Right,0,1.38,20,200,70,50,50,70,Yes,77
Male,73,270,250,2.69,100,30,0,0,Right,1,220,35,250,65,70,30,80,No,70
Female,63,125,120,2.8,5,240,0,3,Right,1,4,60,25,50,40,10,50,No,60
Female,64,156,156,2.79,75,30,0,5,Right,0,25.3,0,196,65,65,45,45,No,75
Female,64,137,130,3,10,20,3,4,Left,0,15,15,50,60,50,10,40,Yes,80
Male,72,175,175,2.97,10,120,1,0,Right,6,195.97,30,313,70,75,70,85,No,77
Male,76,165,173,2.86,75,15,0,0,Right,0,56,20,200,75,35,80,20,No,80
Female,67,135,135,4,100,30,0,4,Right,25,107,10,350,75,65,90,60,No,75
Female,63,125,115,2.64,5,45,2,4,Right,2,5,50,97,70,75,50,50,Yes,80
Male,70,180,180,3,25,120,0,0,Right,20,120,75,150,70,80,56,23,No,70
Female,68,140,135,3.86,6,0,0,0,Right,0,102,0,110,90,80,80,70,No,95
Male,70,154,160,2.2,10,60,0,0,Left,0,402,25,239,50,50,25,10,No,70
Female,67,110,110,3.8,200,60,0,3,Right,0,193,50,350,75,85,30,50,Yes,70
Male,73,163,170,2.5,50,15,0,0,Right,4,92,10,163,75,50,75,95,Yes,80
Female,62,112,110,3.05,75,45,0,4,Right,3,205,10,618,70,50,70,35,No,90
Female,55,128,120,3.64,50,20,0,5,Right,0,173,15,476,30,40,20,15,Yes,65
Male,74,165,180,1.65,500,180,0,0,Right,2,194,25,284,100,5,50,75,Yes,100
Female,65,125,120,2.5,100,120,0,2,Right,0,183.47,15,45,65,30,40,60,Yes,65
Female,68,180,170,3.54,45,300,2,4,Right,5,113.68,50,178,60,60,75,60,Yes,85
Female,65,154,124,3.47,200,120,0,3,Ambidextrous,0,381.08,50,768,64,67,50,70,No,74
Female,65,129,126,3.52,100,60,0,2,Left,0,553,100,100,70,80,20,50,Yes,80
Female,63,125,115,3.2,30,120,1,2,Right,0,127,20,200,40,40,100,30,Yes,75
Female,67,185,160,2.62,50,300,6,3,Right,2,0,45,305,50,50,20,75,No,80
Male,72,200,185,3.1,30,90,1,0,Right,0,8,30,94,80,60,80,40,Yes,80
Male,72,180,170,4,1000,0,0,0,Left,0,32,10,150,50,75,75,25,Yes,75
Male,75,190,200,2.68,150,60,0,0,Right,1,163,1,256,75,75,90,99,No,80
Female,66,170,150,2.56,50,120,0,2,Right,0,0,5,300,0,0,50,5,No,100
Female,62,115,110,3,150,60,0,2,Right,0,170,40,200,50,50,30,60,Yes,88
Male,70,160,160,2.92,45,100,0,0,Right,7,80,50,100,50,35,50,50,No,75
Male,74,205,190,2.96,100,120,0,0,Right,10,176,50,350,100,100,100,100,Yes,100
Female,62,113,115,3.39,50,60,2,5,Ambidextrous,0,41.4,30,117,70,60,40,75,Yes,76
Male,72,185,185,2.94,30,45,0,0,Right,0,94,5,200,70,80,80,90,No,85
Female,62,120,115,3.4,200,1.5,0,4,Right,0.25,7.5,20,328,30,30,30,75,Yes,80
Male,73,175,185,3.01,10,60,0,0,Right,0,193,50,71,50,30,20,50,No,58
Male,72,170,164,2.9,10,80,0,0,Left,35,0,15,54,100,80,68,70,No,80
Male,68,135,160,3.59,75,40,0,0,Left,0,138,80,147,45,80,35,50,No,65
Male,69,165,165,2.75,10,20,0,0,Right,2,380.93,10,100,50,50,50,50,No,85
Female,61,112,110,4,50,15,0,2,Right,0,0.7,5,600,50,75,80,90,No,90
Male,71,175,175,3.5,75,60,1,0,Right,12,95,3,160,38,80,95,30,Yes,55
Male,72,200,195,3,20,120,0,0,Right,2,182,20,321,50,70,80,70,No,70
Male,74,180,200,2.57,30,40,0,0,Left,10,179.36,15,300,50,75,75,80,No,80
Female,68,120,115,3.78,15,90,0,2,Right,0,381,50,225,50,60,25,50,No,72
Male,73,235,220,3.12,250,0,0,0,Right,5,27.8,0,20,50,15,10,0,Yes,75
Male,69,150,160,2.9,30,3,0,0,Right,4,0,50,100,0,40,85,85,No,65
Male,70,160,165,2.8,50,1,0,0,Right,3,194.06,50,299,50,50,60,65,Yes,65
Male,73,220,210,2.7,50,60,0,0,Right,3,45,50,112,50,65,40,75,No,60
Male,68,175,175,2.21,70,60,1,0,Right,2,165,25,111,50,70,20,50,No,80
Female,64,160,130,3.87,100,60,0,4,Ambidextrous,0,39.5,2,220,25,65,60,75,No,69
Male,71,145,165,2.68,1,20,0,0,Right,0,10.5,10,100,60,60,70,60,No,80
Female,65,190,130,2.59,4,180,0,2,Right,2,0,40,88,10,25,5,5,No,20
Female,68,120,125,2.75,75,120,3,3,Right,0,193,25,400,90,60,75,80,Yes,85
Male,75,190,200,3.34,30,20,0,0,Right,8,194,5,76,80,95,60,70,No,80
Male,71,205,185,1.96,10,30,0,0,Right,1,5.9,25,300,50,75,50,75,No,75
Male,76,180,205,2.7,12,3,0,0,Left,0,383,25,105,90,75,75,90,No,95
Female,62,134,128,3.48,50,240,0,8,Right,2,311.4,2,62,5,5,1,1,Yes,69
Male,71,158,160,2.75,25,150,0,0,Right,4,200,75,110,50,45,70,70,No,70
Male,68,200,195,2.76,100,60,1,0,Ambidextrous,6,385,50,60,100,100,50,50,Yes,100
Male,72,194,185,2.85,300,60,1,0,Right,7,130,40,202,75,60,55,80,Yes,80
Female,66,135,128,3.39,30,45,0,2,Right,0,186,15,260,50,70,70,50,No,80
Male,72,195,180,2.98,15,2,0,0,Right,2,193,25,287,20,20,40,35,No,30
Female,64,125,115,2.5,20,60,0,2,Left,0,98.9,45,140,40,30,35,45,No,80
Male,75,190,190,3.2,80,30,2,3,Right,0,103,15,119,70,65,75,75,No,84
Male,60,270,175,2.74,450,100,4,0,Right,10,36,15,176,76,24,100,70,No,97
Male,72,185,185,3.74,45,30,0,0,Right,0,72,25,182,70,85,70,85,No,77
Male,67,120,140,3.62,50,30,0,0,Right,3,30,5,150,50,80,20,80,No,70
Female,66,175,150,3.49,40,90,0,2,Right,2,8.5,20,40,5,20,5,25,Yes,75
Female,66,125,115,3.2,200,60,0,4,Right,0,198.6,20,440,50,70,30,60,No,80
Male,76,175,190,2.44,10,75,0,0,Right,1,0,30,150,89,50,90,80,No,80
Male,74,175,175,2.2,20,0,0,0,Right,2,0,1,226,50,50,79,20,Yes,100
Male,74,280,220,2.75,5,0,0,0,Right,0,32.25,25,100,75,90,75,75,Yes,70
Female,66,117,110,3.83,16,120,0,6,Right,0,379,15,186,40,70,20,30,No,60
Male,74,195,195,2.39,20,15,0,0,Right,2,927,15,145,75,50,75,85,Yes,90
Male,74,175,200,3,15,20,0,0,Right,2,0,40,89,70,60,75,70,No,70
Male,70,160,165,3.46,15,10,0,0,Right,2,53.6,1,453,50,50,75,30,No,60
Female,67,160,140,2.66,40,60,1,5,Right,0,11.4,20,68,10,50,0,5,No,35
Male,69,180,185,2.8,15,0.5,2,0,Right,0,275,1,75,90,80,80,75,Yes,90
Male,74,260,220,3.24,40,2,0,0,Right,10,302,20,256,40,60,70,50,Yes,80
Female,67,140,135,3.76,8,30,0,2,Right,30,94,40,150,50,75,50,25,No,85
Female,64,102,107,3.3,100,4,0,3,Right,0,193.24,30,419,70,50,20,50,No,85
Male,70,120,140,2.42,20,120,0,0,Right,5,22,80,123,100,100,30,100,Yes,100
Female,62,115,95,3.8,5,0,0,2,Right,1,15,0,500,50,10,30,80,No,50
Female,66,140,140,3.94,40,30,0,2,Right,0,191,12,250,30,75,35,20,No,35
Female,67,155,125,2.3,100,10,2,4,Right,0,456,60,125,50,40,40,40,No,65
Male,72,175,180,2.38,20,60,0,0,Right,20,288,50,114,25,25,25,15,No,70
Male,72,145,165,3.9,25,65,0,0,Right,6,0,30,50,50,85,75,60,Yes,80
Male,73,190,215,2.14,50,30,0,0,Right,0,12,15,216,98,50,95,50,No,85
Female,68,145,130,2.93,25,100,0,2,Right,0,493,50,248,99,89,50,85,No,100
Female,65,130,125,3.83,200,120,0,2,Right,3,183,15,334,50,60,60,40,Yes,70
Female,60,112,106,2.5,10,60,5,9,Left,0,102,18,76,60,65,75,60,Yes,84
Male,72,182,175,2.93,20,0,0,2,Right,0,180,10,90,60,50,30,95,Yes,60
Male,68,195,175,3.49,30,45,0,0,Right,5,17.33,70,187,20,50,40,75,Yes,55
Male,72,228,180,2.35,15,1,0,0,Right,1,0,14.1,362,65,50,35,98,No,80
Female,65,125,125,2.4,35,120,0,2,Ambidextrous,0,808,60,332,40,70,25,90,No,85
Male,74,165,185,2.94,15,100,0,0,Right,0,575,30,75,70,50,90,50,No,80
Male,72,175,180,2.89,10,60,0,0,Right,20,167,30,189,100,90,75,100,No,85
Male,70,207,197,1.7,17,17,0,0,Right,3,0,30,261,70,70,70,70,No,77
Male,70,165,175,3.2,50,30,0,0,Right,4,432,5,300,95,75,75,75,No,95
Male,72,155,165,2.4,100,100,0,0,Right,8,500,5,100,50,60,95,50,No,70
Male,73,170,167,2.75,7,30,0,0,Right,3,70,5,164,70,50,70,40,No,70
Male,71,177,185,2.75,50,45,0,0,Right,15,0,30,430,70,65,85,55,Yes,74
